,Keyword,Likes,Comments,Views
0,tech,3407,672,135612
1,tech,76779,4306,1758063
2,tech,63825,3338,1564007
3,tech,71566,1426,922918
4,tech,96513,5155,1855644
5,tech,33570,1643,943119
6,tech,135047,9367,5937790
7,tech,216935,12605,4782514
8,tech,45565,2882,7001236
9,tech,24252,1068,667767
10,tech,118001,4123,2359142
11,tech,20999,3091,413179
12,tech,15322,547,389114
13,tech,17866,157,444953
14,tech,13217,442,371563
15,tech,26890,4999,1633059
16,tech,9562,199,760249
17,tech,11743,143,1086568
18,tech,146978,11105,3186890
19,tech,363771,13609,11422924
20,tech,2117,486,63650
21,tech,42841,1357,1280387
22,tech,23689,2842,530889
23,tech,55231,2175,2122433
24,tech,1289,183,35948
25,tech,970,207,23175
26,tech,1608,273,78520
27,tech,1452,38,63599
28,tech,35758,2056,1006704
29,tech,8725,790,257848
30,tech,110145,3289,2954979
31,tech,12188,326,304037
32,tech,59458,4159,1541386
33,tech,3494,136,589007
34,tech,36423,1902,1085076
35,tech,941,221,25594
36,tech,134194,6102,4098623
37,tech,42075,1820,7188648
38,tech,709,128,25745
39,tech,78852,3926,1889567
40,tech,32102,3243,786765
41,tech,188623,7464,4195072
42,tech,343227,20854,9618335
43,tech,43960,1767,791624
44,tech,77411,2098,2474364
45,tech,24,45,3461
46,tech,4492,169,274201
47,tech,51846,2371,1156785
48,news,1029,2347,97434
49,news,534,538,57858
50,news,8526,3934,544884
51,news,588,887,69951
52,news,137,222,18531
53,news,848,1384,86855
54,news,827,1653,131012
55,news,1200,2841,54596
56,news,1167,180,235019
57,news,1573,2670,60528
58,news,1145,793,106127
59,news,474,1553,75301
60,news,82,26,17145
61,news,23828,47,500097
62,news,775,1517,127082
63,news,8484,2192,237313
64,news,7946,1559,905023
65,news,510,560,34715
66,news,129,7,10642
67,news,1288,3,172513
68,news,257,1,62189
69,news,612,18,60835
70,news,2385,1349,288722
71,news,6379,4853,808787
72,news,1009,451,127803
73,news,5630,1848,533947
74,news,686,18,56683
75,news,7277,1294,796750
76,news,695,121,159877
77,news,15854,5373,1465011
78,news,1030,10,187892
79,news,198,12,17763
80,news,7342,1531,932432
81,news,286,22,23135
82,news,2083,2195,164119
83,news,1728,665,212973
84,news,180,16,13976
85,news,1102,668,106690
86,news,1688,796,89985
87,gaming,8384,1307,176151
88,gaming,63825,3338,1564007
89,gaming,4163,618,133933
90,gaming,2925,121,99244
91,gaming,298406,15609,3773387
92,gaming,549,29,16307
93,gaming,2170,282,126228
94,gaming,1365,256,46436
95,gaming,3516,306,121644
96,gaming,2481,429,67444
97,gaming,2501,193,84565
98,gaming,82449,2673,2007038
99,gaming,1243,21,5967
100,gaming,48710,3417,552256
101,gaming,29966,471,205943
102,gaming,15842,1547,530763
103,gaming,3374,741,82874
104,gaming,8260,195,191777
105,gaming,1525,36,14877
106,gaming,468,164,10351
107,gaming,18208,44,228095
108,gaming,3171,5,19693
109,gaming,1204,135,27564
110,gaming,10556,466,66633
111,gaming,869,155,22860
112,gaming,13492,707,879645
113,gaming,358,23,2386
114,gaming,2677,485,65005
115,gaming,39872,187,246407
116,gaming,46642,1287,268946
117,gaming,674,93,5931
118,gaming,3495,202,226258
119,gaming,789,77,19223
120,gaming,3273,472,31837
121,gaming,4484,459,97946
122,gaming,2700,279,70186
123,gaming,238193,14706,7132206
124,gaming,71905,6315,2381931
125,gaming,9574,537,87891
126,gaming,1215,100,64958
127,gaming,11797,519,364725
128,gaming,2750,116,208701
129,gaming,563,85,14537
130,sports,39944,1677,5093587
131,sports,19987,2358,1335282
132,sports,275577,5431,15040548
133,sports,62969,9809,4288833
134,sports,12785,489,1945140
135,sports,778342,20737,57369066
136,sports,56480,2515,12272628
137,sports,23668,2290,1499121
138,sports,102369,10191,16099483
139,sports,60821,2638,12867358
140,sports,355223,6889,11181957
141,sports,7866,550,619006
142,sports,84728,1451,10909239
143,sports,6920,640,665643
144,sports,22479,299,2020370
145,sports,6568,591,592998
146,sports,127971,3938,20647398
147,sports,11805,1116,961317
148,sports,601464,23466,27922929
149,sports,241605,6650,31518906
150,sports,39999,6387,5683239
151,sports,33316,1335,7795119
152,sports,14899,637,1836457
153,sports,25347,385,9444655
154,sports,11898,1330,901368
155,sports,1096,178,106597
156,sports,6325,391,573655
157,sports,867074,43024,106014469
158,sports,6946,481,647117
159,sports,51562,8289,4282206
160,sports,31796,555,6134948
161,sports,46,6,2219
162,sports,149084,3901,4820297
163,sports,191,35,27378
164,sports,38,1,4114
165,sports,32772,4597,1194578
166,sports,2584,57,1051751
167,sports,15,1,867
168,sports,132236,3715,15110047
169,sports,3991,820,269716
170,sports,2192,144,230945
171,sports,54006,3508,2699810
172,sports,14293,2114,577426
173,sports,1121,91,65057
174,sports,1941,401,83228
175,sports,15872,156,4290144
176,sports,2807,194,203084
177,sports,22288,451,11666184
178,sports,10119,664,891548
179,how-to,135155,11354,2361410
180,how-to,14408,864,275924
181,how-to,315980,6186,13176819
182,how-to,44809,660,1341953
183,how-to,22532,198,443909
184,how-to,295514,5266,8378324
185,how-to,1165120,40435,44943014
186,how-to,136929,3323,5249373
187,how-to,2048,193,58330
188,how-to,169217,2295,7370713
189,how-to,56460,2118,3745331
190,how-to,78076,1822,2947659
191,how-to,28603,1300,855958
192,how-to,910553,81975,52061447
193,how-to,49642,1589,3750968
194,how-to,338470,9618,14322764
195,how-to,46638,2210,1902823
196,how-to,80596,2415,1606273
197,how-to,554,60,15329
198,how-to,723998,14759,31858250
199,how-to,665269,25869,36467409
200,how-to,70465,17616,10097646
201,how-to,600,55,10671
202,how-to,32092,181,425850
203,how-to,347137,7750,13590001
204,how-to,150521,5653,4584546
205,how-to,6773,595,111581
206,how-to,515,184,11848
207,how-to,29551,1213,513997
208,how-to,262633,5960,47276202
209,how-to,99816,4641,8620346
210,how-to,46254,669,2144508
211,how-to,31042,899,698519
212,how-to,45027,1140,5578536
213,how-to,207617,8534,4382539
214,how-to,8227,314,153395
215,how-to,55233,5097,742272
216,how-to,2992,246,110066
217,how-to,4852,218,76373
218,how-to,26024,1165,662992
219,how-to,12124,1188,638770
220,how-to,61089,2899,2943450
221,how-to,62375,2417,1687552
222,how-to,21286,731,705942
223,how-to,421608,17009,5992730
224,how-to,63,20,3311
225,how-to,339758,32718,29905105
226,how-to,866,48,42948
227,business,1706185,25334,208293677
228,business,385847,4381,54244089
229,business,79281,1683,9090985
230,business,24029,422,1820413
231,business,9178,111,933111
232,business,21367,467,2822656
233,business,43643,1336,5750667
234,business,6028,697,533712
235,business,229141,7461,28325416
236,business,253,2,6389
237,business,25934,424,1102647
238,business,114,2,2270
239,business,13038,470,368017
240,business,3232,580,188875
241,business,46519,1064,2228510
242,business,1483,122,45872
243,business,-1,1144,676300
244,business,27189,622,1273223
245,business,14477,1661,580096
246,business,57308,2303,859569
247,business,441,496,26499
248,business,17327,965,561921
249,business,489,240,14263
250,business,216891,11046,2018720
251,business,29443,1408,1218268
252,business,65748,1269,5351715
253,business,295,9,15582
254,business,36376,1876,875957
255,business,52363,2102,984168
256,business,49949,5045,2464907
257,business,5015,1830,520371
258,business,1090,485,45006
259,business,13852,516,776034
260,business,134,16,2786
261,business,22569,859,384275
262,business,2063,662,37352
263,business,539,23,23819
264,business,32152,393,589907
265,business,13126,600,746236
266,business,-1,13,12332
267,business,2667,303,42274
268,business,5006,157,82844
269,business,19993,1870,1851336
270,business,667,305,11649
271,business,146358,3790,7989628
272,business,3440,769,108903
273,business,187,29,4073
274,business,22861,977,1437698
275,tutorial,25630,1741,1435374
276,tutorial,158935,8326,6100867
277,tutorial,74485,1569,4435209
278,tutorial,80368,2008,3368446
279,tutorial,170234,7686,7367727
280,tutorial,30518,486,879609
281,tutorial,45040,1451,1632584
282,tutorial,1341,72,19323
283,tutorial,5180,129,190491
284,tutorial,195700,7321,7569833
285,tutorial,73498,3270,4984442
286,tutorial,235659,11732,9769103
287,tutorial,10669,1149,223700
288,tutorial,8433,882,151493
289,tutorial,63857,1655,1564431
290,tutorial,838345,50531,28574258
291,tutorial,880208,42227,35771194
292,tutorial,981522,122371,68512549
293,tutorial,114246,3748,4416622
294,tutorial,143191,3883,7549484
295,tutorial,216934,4192,5656681
296,tutorial,205557,4239,7783157
297,tutorial,132845,3878,7975584
298,tutorial,74900,1841,1454316
299,tutorial,76010,788,7906241
300,tutorial,18780,514,679453
301,tutorial,4315,203,83902
302,tutorial,23977,1964,925547
303,tutorial,4985,576,191830
304,tutorial,44083,3332,870453
305,tutorial,63543,2634,1642556
306,tutorial,12050,697,793228
307,tutorial,101457,955,1684678
308,tutorial,18184,601,622551
309,tutorial,47823,2897,3335591
310,tutorial,93094,1136,26355125
311,tutorial,12502,1115,203851
312,tutorial,121477,2653,3218250
313,tutorial,41409,1025,1253037
314,tutorial,29065,2375,1592794
315,tutorial,97091,2989,2417577
316,tutorial,869059,12196,21485819
317,tutorial,10595,826,345071
318,tutorial,190593,5568,11034311
319,tutorial,57526,1115,1204024
320,tutorial,407460,40969,11745320
321,tutorial,186142,5329,5646817
322,tutorial,375997,2031,7009241
323,tutorial,702681,15608,7892369
324,tutorial,8851,287,525488
325,finance,113,32,5110
326,finance,954,81,13991
327,finance,40,14,2783
328,finance,765,319,100366
329,finance,59,23,7093
330,finance,13,21,1485
331,finance,346,65,29751
332,finance,16,3,83121
333,finance,1834,500,39296
334,finance,44,6,2597
335,finance,66,13,3882
336,finance,36,40,6709
337,finance,124,72,7816
338,finance,53635,1650,6224649
339,finance,29,2,2285
340,finance,213398,13619,9450554
341,finance,17269,903,1366364
342,finance,68,40,7325
343,finance,96,45,12456
344,finance,14,3,1195
345,finance,490,185,32926
346,finance,4590,1035,255706
347,finance,69,2,3534
348,finance,39868,1068,2797148
349,finance,83,32,8862
350,finance,51,36,4384
351,finance,19621,7087,890196
352,finance,37925,3545,1213867
353,finance,24181,4776,608005
354,finance,29610,1473,637152
355,finance,1692,268,93564
356,finance,2236,595,118523
357,finance,4894,201,196484
358,finance,57,13,2548
359,finance,319,180,29180
360,finance,19352,597,1344472
361,finance,404,30,22593
362,finance,40534,1851,1257676
363,finance,1289,1852,189066
364,crypto,2713,115,46082
365,crypto,34468,4428,390348
366,crypto,5595,641,77109
367,crypto,1720,272,20600
368,crypto,230,95,2201
369,crypto,27738,2355,474368
370,crypto,12829,802,192740
371,crypto,3405,171,57692
372,crypto,1908,199,23786
373,crypto,3400,170,45779
374,crypto,212,429,6443
375,crypto,1700,60,21012
376,crypto,90,138,7050
377,crypto,765,463,9585
378,crypto,2645,102,35571
379,crypto,827,568,8502
380,crypto,626,49,7989
381,crypto,2015,239,18216
382,crypto,3179,184,43235
383,crypto,431,154,4247
384,crypto,1992,216,25115
385,crypto,1450,238,15689
386,crypto,1462,83,25316
387,crypto,1324,249,30328
388,crypto,2719,168,48051
389,crypto,182663,6456,6366422
390,crypto,476,280,6160
391,crypto,66,105,1616
392,crypto,105,51,1599
393,crypto,1493,69,23035
394,crypto,3638,314,39409
395,crypto,408,45,7771
396,crypto,257,27,2742
397,crypto,3091,200,52909
398,crypto,3916,158,30871
399,crypto,357,101,10554
400,crypto,92,55,2546
401,crypto,2258,125,28047
402,crypto,2539,314,36410
403,crypto,95151,3859,11805668
404,crypto,4303,360,46495
405,crypto,2379,177,31510
406,crypto,757,35,9099
407,crypto,310,114,4723
408,crypto,629,202,8867
409,crypto,705,627,7516
410,crypto,1021,634,11448
411,crypto,1606,183,27258
412,crypto,418,71,5034
413,crypto,1987,181,25648
414,cubes,2072,156,79265
415,cubes,111085,18963,10963984
416,cubes,32280,2947,2570601
417,cubes,511551,25520,49429306
418,cubes,15064,1245,1669884
419,cubes,23205,1028,235294
420,cubes,9760,879,380649
421,cubes,2025653,8188,58590655
422,cubes,233724,8895,10608521
423,cubes,339759,32717,29905105
424,cubes,11069,298,156011
425,cubes,275,14,21114
426,cubes,46684,1770,1962673
427,cubes,11943,1582,838788
428,cubes,20909,2455,1782074
429,cubes,110517,493,1847672
430,cubes,36738,967,2458686
431,cubes,19054,1926,900960
432,cubes,228332,689,6329576
433,cubes,39281,2003,2372539
434,cubes,867676,8428,16209382
435,cubes,50788,1455,5281537
436,cubes,428683,2964,12964069
437,cubes,129552,4612,13278916
438,cubes,9432,510,738726
439,cubes,634419,7981,6170029
440,cubes,79852,2601,6149318
441,cubes,60991,278,1134047
442,cubes,82390,1772,10106841
443,cubes,636440,16875,39581966
444,cubes,309903,995,7308863
445,cubes,837671,5178,23535618
446,cubes,51599,6817,4795109
447,cubes,205854,338,4543326
448,cubes,94707,81,2036446
449,cubes,308847,1487,5884330
450,cubes,367266,1001,10125075
451,cubes,752667,6382,50348575
452,cubes,150,14,10146
453,cubes,356355,1413,5533307
454,cubes,81516,77,3074914
455,cubes,40407,149,1574015
456,cubes,23288,1633,1360604
457,cubes,402045,2922,6742766
458,cubes,461154,47971,38289391
459,cubes,2307773,71897,168546247
460,cubes,738796,1960,24994827
461,cubes,954935,28908,94900199
462,cubes,7004,412,457957
463,cubes,41945,1808,3157064
464,chess,11053,1264,180651
465,chess,1411,221,36310
466,chess,1569,167,55539
467,chess,2547,263,85191
468,chess,8907,1122,170926
469,chess,1678,83,141306
470,chess,8738,412,53211
471,chess,176829,6375,7571701
472,chess,2546,173,51885
473,chess,137884,4568,3068118
474,chess,77110,6113,1457290
475,chess,77520,1947,2213038
476,chess,621,38,21164
477,chess,52,11,2471
478,chess,519,9,40223
479,chess,1521,47,103248
480,chess,1643,59,38688
481,chess,9544,820,198004
482,chess,98001,3626,2615459
483,chess,34514,1228,1469736
484,chess,239,20,4130
485,chess,736,39,74253
486,chess,2765,200,193604
487,chess,1444,46,108383
488,chess,901,53,78841
489,chess,4783,184,137405
490,chess,5444,684,229865
491,chess,46158,2486,1142057
492,chess,160983,6443,13844095
493,chess,1234,44,92760
494,chess,7927,603,466494
495,chess,814,27,55105
496,chess,4232,283,124442
497,chess,10670,1189,1020154
498,chess,8534,517,254621
499,chess,589,17,47926
500,chess,136598,4140,5231674
501,chess,1314,84,100586
502,chess,9062,452,200847
503,chess,90491,1633,2854238
504,chess,44471,1359,2853191
505,chess,19895,1434,1094217
506,chess,143561,8930,3854528
507,chess,117286,4398,3128517
508,chess,219213,5353,5423172
509,chess,58,21,601
510,chess,383,14,4951
511,apple,915,107,47811
512,apple,1294,163,42191
513,apple,4187,723,83807
514,apple,7385,1081,132072
515,apple,3586,295,108055
516,apple,5638,520,255839
517,apple,184,47,1954
518,apple,282,29,9401
519,apple,478,137,31657
520,apple,358,21,4639
521,apple,4248,593,154901
522,apple,1818,181,27676
523,apple,1916,209,61195
524,apple,91267,8050,5210940
525,apple,5409,698,378563
526,apple,332,32,49591
527,apple,4144389,294428,425478119
528,apple,4706,321,164331
529,apple,4976,599,151259
530,apple,1111,138,189956
531,apple,8520,1146,184475
532,apple,13488,1181,307938
533,apple,3464,416,276221
534,apple,29026,2530,425880
535,apple,3227,296,281839
536,apple,274209,9651,7544821
537,apple,3362,441,142040
538,apple,17728,1841,356678
539,apple,2707,542,169562
540,apple,3102,460,229928
541,apple,38261,2271,2644603
542,apple,2254,1032,282480
543,apple,2374,310,29780
544,apple,245113,28583,4876825
545,apple,3216,392,62815
546,apple,2839,472,228752
547,apple,2330,384,25865
548,apple,3908,61,174482
549,apple,11148,814,425073
550,apple,2949,272,38520
551,apple,1194,431,34954
552,apple,416,94,43591
553,google,52147,13199,2343365
554,google,472660,37391,14296001
555,google,1046404,37539,34484565
556,google,36387,1789,2530836
557,google,16445558,732818,4034122271
558,google,269,33,8064
559,google,234520,9846,14269018
560,google,193174,4232,26160434
561,google,261832,8894,8496353
562,google,33213,3070,2017263
563,google,49192,1123,2009963
564,google,99436,19837,3934199
565,google,8383,773,9826182
566,google,102993,6346,2568894
567,google,53545,17946,1711823
568,google,197069,5574,4676492
569,google,107571,3380,6123730
570,google,11474,1011,374525
571,google,51098,5463,9914057
572,google,29265,1366,2006133
573,google,237800,20092,9277945
574,google,56392,11848,3457355
575,google,20365,1223,1576038
576,google,38810,681,1837300
577,google,88325,1460,15836037
578,google,100232,1563,2313225
579,google,3984,293,293379
580,google,55521,9378,1325826
581,google,2991,291,4056267
582,google,199265,10047,4012930
583,google,-1,18676,6515548
584,google,5812,173,125307
585,google,712,101,13043
586,google,7636,238,136526
587,google,1099,132,28386
588,google,349923,4082,122994457
589,google,23574,3197,1033764
590,google,135952,2131,32300300
591,google,169669,8630,239207161
592,google,48525,2810,2158052
593,google,3823,444,212395
594,google,124675,5828,20026987
595,google,17526,2667,199416
596,google,23558,1459,587218
597,google,179,5,24650
598,interview,1011,116,34941
599,interview,203216,17928,10786819
600,interview,19712,484,679025
601,interview,57500,1562,1502125
602,interview,155712,14340,7958011
603,interview,82405,5855,7825074
604,interview,120513,5782,4613254
605,interview,14658,3373,507836
606,interview,98688,1818,4271973
607,interview,1265,55,53087
608,interview,223844,3600,5847791
609,interview,249384,9423,3593833
610,interview,454863,8266,22529756
611,interview,116385,8881,5132684
612,interview,130176,8669,5923959
613,interview,469,20,19622
614,interview,19630,515,621093
615,interview,59933,700,2117474
616,interview,493471,10226,12382988
617,interview,14566,725,270284
618,interview,32009,1605,1693731
619,interview,878,31,37711
620,interview,16414,3694,782934
621,interview,38397,780,3114396
622,interview,14211,2341,409554
623,interview,15576,488,427945
624,interview,189,62,7487
625,interview,1827,98,120365
626,interview,33967,805,1187250
627,interview,14030,586,544895
628,interview,76431,48673,3463977
629,interview,7850,124,240428
630,interview,97646,2095,8339001
631,interview,97,21,4976
632,interview,37455,1700,2199261
633,interview,16646,2556,1010630
634,interview,19583,3427,1686785
635,interview,22624,504,565863
636,interview,17160,3193,1118396
637,interview,316652,16002,5850945
638,interview,52635,41229,2884100
639,interview,978,178,92841
640,interview,25287,993,1545582
641,interview,1500,191,44809
642,interview,212578,27929,10730641
643,interview,2936,757,195618
644,interview,15301,2516,520431
645,interview,242,28,2587
646,interview,52335,5602,2399810
647,interview,5512,866,411015
648,history,1449,332,70483
649,history,6002,2147,305772
650,history,2644,427,127748
651,history,5762,778,132646
652,history,5400589,434688,434352213
653,history,738439,23522,66368842
654,history,96563,1586,8946712
655,history,8912,1238,164869
656,history,1542,97,39193
657,history,41389,3668,10275325
658,history,31479,5070,2468059
659,history,5471653,395657,147339243
660,history,10415,621,1045028
661,history,5424,555,293213
662,history,10380,496,1695814
663,history,47683,2407,5399988
664,history,160,10,8135
665,history,1507,86,95369
666,history,26849,1293,2666406
667,history,11595,2294,1487029
668,history,14800,1070,280369
669,history,213630,18062,9024180
670,history,16874,1248,1687706
671,history,72348,7260,3046581
672,history,702117,41105,22100487
673,history,1811,48,79531
674,history,9669,458,1008972
675,history,20363,919,708445
676,history,12009,2041,1135106
677,history,4066,174,72885
678,history,20018,726,821480
679,history,56485,10299,5464252
680,history,29974,1394,1453787
681,history,1313,138,51321
682,history,2546,173,51885
683,history,66783,4911,2040877
684,history,9165,1094,649114
685,history,144074,5273,6037721
686,history,89572,4084,4562145
687,history,15858,1995,568816
688,history,27854,1536,962507
689,history,11841,2787,482392
690,history,32884,2505,1296777
691,history,5931,469,146774
692,history,385,44,11745
693,history,2229,173,70762
694,history,29014,1356,2295412
695,history,8731,954,502221
696,history,1027,111,6640
697,history,126726,20122,2453529
698,literature,56906,6168,4231789
699,literature,15425,471,920846
700,literature,66550,2778,2609123
701,literature,3112,69,146080
702,literature,3429,82,101986
703,literature,3251,159,157525
704,literature,24425,662,994999
705,literature,275,30,9780
706,literature,17610,918,956340
707,literature,34870,1370,1453590
708,literature,859,38,39944
709,literature,3172,88,257199
710,literature,62103,2458,2027462
711,literature,27277,846,507103
712,literature,34040,1178,1466906
713,literature,47644,3556,1061608
714,literature,4748,135,47619
715,literature,14691,349,719270
716,literature,3408,58,140607
717,literature,15399,613,896227
718,literature,10877,428,739507
719,literature,27439,792,604827
720,literature,36272,800,518790
721,literature,6686,292,439103
722,literature,3312,178,91932
723,literature,4407,170,68989
724,literature,33744,1281,1804121
725,literature,1449,89,58621
726,literature,4439,565,67276
727,literature,32043,2960,1713463
728,literature,10524,403,311071
729,literature,30633,610,1707883
730,literature,48535,2309,1912405
731,literature,5449,533,596680
732,literature,47782,3410,3330650
733,literature,356,13,14593
734,literature,131,3,7966
735,literature,33130,1294,2792013
736,literature,2459,162,72310
737,literature,7530,129,646913
738,literature,842,66,18837
739,literature,4721,181,391796
740,literature,13526,326,1048396
741,literature,11675,1228,1550802
742,literature,2766,224,441183
743,literature,48,1,2847
744,bed,1121873,23969,145167323
745,bed,79639,921,10792977
746,bed,515049,16568,78137822
747,bed,1499298,75048,94340456
748,bed,157924,2760,29657435
749,bed,121553,1171,26260197
750,bed,340686,8853,35695760
751,bed,6626,64,401678
752,bed,7786057,195769,524709805
753,bed,119272,3743,26826274
754,bed,23477,309,1345689
755,bed,4644,63,392314
756,bed,789062,14192,58921922
757,bed,1430457,84188,321977550
758,bed,1158,19,85052
759,bed,361395,9234,50358797
760,bed,17286,277,1603229
761,bed,85527,1347,6055668
762,bed,203103,5814,6644534
763,bed,1301198,40137,98559845
764,bed,1072689,37571,302125099
765,bed,2122,36,164940
766,bed,397142,6354,49183640
767,bed,2206,30,157632
768,bed,130796,4106,9493733
769,bed,6366,54,302407
770,bed,25,26,4454
771,bed,5716,687,153064
772,bed,287759,10036,4288625
773,bed,57666,2683,2966344
774,bed,362022,10409,11440455
775,bed,1171433,61344,308501014
776,bed,16578,119,1088318
777,bed,26215,959,693153
778,bed,232336,3681,33227408
779,bed,6201,314,467835
780,bed,135484,4557,5301271
781,bed,153490,12872,5637132
782,bed,288,8,20076
783,bed,144517,4933,19210396
784,bed,35503,974,1206538
785,bed,74840,1286,9224408
786,bed,160501,6539,46251795
787,bed,394837,13938,42257995
788,trolling,3075,225,42648
789,trolling,24505,1085,426409
790,trolling,7364,653,100979
791,trolling,12928,1001,109363
792,trolling,125907,15131,1425150
793,trolling,251667,6894,7433726
794,trolling,28773,780,928704
795,trolling,319390,7746,3433953
796,trolling,28453,603,743338
797,trolling,2464,296,57850
798,trolling,27780,1518,960994
799,trolling,32006,2924,534114
800,trolling,2769,363,63870
801,trolling,430267,12839,14286302
802,trolling,22283,1331,613757
803,trolling,133987,11698,1345404
804,trolling,44783,1921,1198270
805,trolling,49530,2477,1212736
806,trolling,96363,6337,1484533
807,trolling,91777,2658,2333380
808,trolling,608,136,10509
809,trolling,153762,26601,4364168
810,trolling,451,85,7383
811,trolling,13777,585,338844
812,trolling,106511,2800,4502356
813,trolling,15082,753,310738
814,trolling,29921,1783,1005072
815,trolling,20616,879,425099
816,trolling,37296,1088,855392
817,trolling,22894,896,420420
818,trolling,455277,12904,9736125
819,trolling,127211,3593,2987298
820,trolling,10705,761,639089
821,trolling,25917,1094,608323
822,trolling,29615,1510,869372
823,trolling,3237,595,80522
824,trolling,100199,8790,1430388
825,trolling,6253,359,115655
826,trolling,6189,276,328489
827,trolling,1213,144,53965
828,trolling,33974,695,715895
829,trolling,10724,3548,186568
830,trolling,36776,1192,740962
831,trolling,4873,319,64877
832,trolling,1229,54,21962
833,trolling,804,85,14721
834,trolling,76217,2645,1266882
835,trolling,344,101,5388
836,trolling,1139,59,128524
837,trolling,467,31,36585
838,asmr,14787,747,296801
839,asmr,4855,255,75586
840,asmr,4296,269,78423
841,asmr,2945,207,58050
842,asmr,1804,128,24792
843,asmr,8534,436,138803
844,asmr,1808,151,36473
845,asmr,701,47,16243
846,asmr,597,71,10572
847,asmr,3344,142,55828
848,asmr,563,86,14537
849,asmr,2025,320,32988
850,asmr,1031,75,19755
851,asmr,1717,114,34348
852,asmr,4512,349,116672
853,asmr,454036,6622,23568994
854,asmr,56993,2142,1686249
855,asmr,34526,1668,1018753
856,asmr,11283,378,261713
857,asmr,18685,385,464557
858,asmr,96744,3114,4309217
859,asmr,311,14,10108
860,asmr,1362,269,43743
861,asmr,875,58,15786
862,asmr,16649,370,951514
863,asmr,815,43,6178
864,asmr,1722,124,25331
865,asmr,35777,1237,1228300
866,asmr,423,68,9245
867,asmr,9886,525,297290
868,asmr,51772,2918,1075761
869,asmr,703,283,8694
870,asmr,148120,12399,10008290
871,asmr,4656,296,31449
872,asmr,2237,221,33028
873,asmr,2011,130,16887
874,asmr,618688,13240,33779197
875,asmr,2786,253,26789
876,asmr,26419,1191,747110
877,asmr,17961,695,463378
878,asmr,61031,5037,1229745
879,asmr,12942,299,369997
880,asmr,26859,1357,904713
881,asmr,13542,422,619387
882,asmr,6160,311,146821
883,asmr,4686,453,59177
884,asmr,15150,587,319387
885,asmr,5577,333,121692
886,asmr,207,26,2985
887,asmr,15652,500,459455
888,music,109,16,9542
889,music,182,15,19525
890,music,83707,1717,20548194
891,music,329,29,14336
892,music,823,49,29864
893,music,227790,8698,13966109
894,music,714,14,119878
895,music,5174,238,187956
896,music,2184,3,32162
897,music,2696,18,40240
898,music,94131,920,3921128
899,music,577,46,14780
900,music,488,31,21332
901,music,2286473,86935,250793774
902,music,10402,123,1671725
903,music,16909,215,3308580
904,music,26306,331,2225959
905,music,5010,123,159448
906,music,119953,13263,1693263
907,music,4663,306,33480
908,music,10389,905,97930
909,music,9627,577,318166
910,music,242721,7745,5833454
911,music,14741,913,811965
912,music,5041,252,141779
913,music,1240,9,54917
914,music,470,6,29055
915,music,365971,34419,35490831
916,music,3001232,110160,23836066
917,music,1634,52,148482
918,music,132,19,2944
919,music,542,12,71547
920,music,106056,4284,1554691
921,music,519,11,57394
922,music,6823113,270948,915457091
923,music,1259,9,9958
924,music,152593,3290,15666598
925,music,718,5,64395
926,music,145,3,10105
927,music,304,16,16123
928,music,23546,392,2367294
929,music,7219,314,312191
930,music,731644,8894,45665114
931,music,50488,8741,1090694
932,music,12595,216,2861258
933,music,94,9,3773
934,food,112098,9775,5451348
935,food,77893,5741,3927439
936,food,31578,1904,2710713
937,food,139442,10653,7320107
938,food,48163,2178,1669551
939,food,37893,2061,1335899
940,food,121547,4043,6315803
941,food,158510,6026,8947796
942,food,146566,13664,14073219
943,food,23824,1496,805994
944,food,30033,1209,810069
945,food,9093,759,355919
946,food,103051,2343,2575482
947,food,104631,4839,4087572
948,food,77866,2958,2349546
949,food,18957,566,702174
950,food,371116,13239,17069830
951,food,23502,1113,1016391
952,food,28031,1690,1348450
953,food,25021,1216,967211
954,food,2400,214,156294
955,food,47460,1517,1658204
956,food,44713,2725,1186255
957,food,227589,4648,6340958
958,food,18649,1339,748675
959,food,58950,1107,7755963
960,food,672749,62897,48018833
961,food,47086,3535,3452285
962,food,140841,7330,10338163
963,food,25825,1458,608177
964,food,501165,31086,32791832
965,food,71688,1712,4783245
966,food,26616,1143,441062
967,food,155534,10306,2564092
968,food,75028,3457,4695664
969,food,63497,4004,2936679
970,food,19325,1128,385239
971,food,205831,15677,11829970
972,food,175132,6049,4357193
973,food,774,83,48984
974,food,1241,70,47430
975,food,105355,7424,5547667
976,food,5077,351,93633
977,food,41927,1112,1952077
978,food,75063,3724,12244410
979,food,22891,1780,1006579
980,food,6851,178,963335
981,food,32631,1587,1322089
982,mukbang,11248,505,384035
983,mukbang,959,138,28759
984,mukbang,218539,4421,19256162
985,mukbang,281285,3360,17282158
986,mukbang,378858,18860,17975269
987,mukbang,65909,2122,1864630
988,mukbang,1056430,46966,75785129
989,mukbang,1221507,43126,86169225
990,mukbang,3721,322,45157
991,mukbang,861503,17975,79941868
992,mukbang,51437,468,4341289
993,mukbang,45628,17264,5283664
994,mukbang,141654,2756,11184537
995,mukbang,126347,83990,11188525
996,mukbang,737,52,15390
997,mukbang,7650,887,231488
998,mukbang,34599,1349,824297
999,mukbang,1032,22,54030
1000,mukbang,5352,496,154461
1001,mukbang,95162,2272,11235146
1002,mukbang,2694,108,74586
1003,mukbang,2817,59,286228
1004,mukbang,28966,676,906361
1005,mukbang,29955,557,1057862
1006,mukbang,26049,850,909323
1007,mukbang,21274,16178,1100740
1008,mukbang,2271,249,240234
1009,mukbang,24014,716,947162
1010,mukbang,526,94,11293
1011,mukbang,37370,902,2578373
1012,mukbang,1159,91,64703
1013,mukbang,13796,10330,689494
1014,mukbang,1968,96,56066
1015,mukbang,10725,403,155562
1016,mukbang,-1,335,27451
1017,mukbang,3026,538,30405
1018,mukbang,2113,138,98972
1019,mukbang,65719,791,2724499
1020,mukbang,317,32,3618
1021,mukbang,38690,780,1385264
1022,mukbang,1208,930,22966
1023,mukbang,953712,35658,84410562
1024,mukbang,129100,2332,7846143
1025,mukbang,353053,14909,41739024
1026,mukbang,3221,209,102646
1027,reaction,4732,256,78050
1028,reaction,2135,136,41057
1029,reaction,6865,554,55078
1030,reaction,2740,86,39049
1031,reaction,2538,435,51747
1032,reaction,726,50,21868
1033,reaction,920,93,9533
1034,reaction,1656,236,34090
1035,reaction,15637,1279,309098
1036,reaction,4063,245,62428
1037,reaction,1716,308,16080
1038,reaction,1815,254,41900
1039,reaction,1944,160,23225
1040,reaction,670,125,10451
1041,reaction,3001265,110162,23836066
1042,reaction,19997,1540,271333
1043,reaction,2009,317,30632
1044,reaction,1382,134,23763
1045,reaction,834,84,13489
1046,reaction,7185,463,149396
1047,reaction,2952,478,57411
1048,reaction,3645,225,38560
1049,reaction,4049,807,52323
1050,reaction,1006,40,11230
1051,reaction,6117,745,126185
1052,reaction,2175,115,35288
1053,reaction,947,108,18535
1054,reaction,2342,226,34789
1055,reaction,29728,8832,405791
1056,reaction,1431,260,26709
1057,reaction,3500,381,107906
1058,reaction,44616,3098,426875
1059,reaction,193217,6129,1765945
1060,reaction,1015,96,17191
1061,reaction,1417,159,34941
1062,reaction,196898,15525,1223879
1063,reaction,18063,978,184093
1064,reaction,8815,1353,200452
1065,reaction,1155,132,21112
1066,reaction,535,132,10339
1067,reaction,462,62,10737
1068,reaction,5035,564,131760
1069,reaction,1677,290,23239
1070,reaction,2194,256,36560
1071,reaction,19671,1151,259851
1072,reaction,2967,565,63886
1073,reaction,48041,1435,450066
1074,reaction,2025,308,46862
1075,reaction,10321,930,205486
1076,reaction,1144,39,12289
1077,lofi,329,29,14341
1078,lofi,187163,3835,13048900
1079,lofi,59866,979,2844014
1080,lofi,404,15,20861
1081,lofi,53333,1425,2817800
1082,lofi,1638369,58851,84747957
1083,lofi,1572,27,48918
1084,lofi,1455,6,34655
1085,lofi,3498,8,53592
1086,lofi,6057,165,589429
1087,lofi,797,71,15177
1088,lofi,7007,218,632477
1089,lofi,2683,10,49294
1090,lofi,9126,176,497458
1091,lofi,3933,159,400330
1092,lofi,47306,1379,2529301
1093,lofi,186218,5904,9803295
1094,lofi,13657,484,1120660
1095,lofi,9965,197,325200
1096,lofi,4452,86,190418
1097,lofi,4427,124,331718
1098,lofi,2713,16,61478
1099,lofi,5940,143,593989
1100,lofi,8031,169,332371
1101,lofi,19154,610,1756737
1102,lofi,247914,8681,16294784
1103,lofi,74081,1758,3176730
1104,lofi,11197,186,325309
1105,lofi,68762,1160,3691767
1106,lofi,9700,219,461467
1107,lofi,11059,481,1104214
1108,lofi,4148,123,149363
1109,lofi,53,1,6817
1110,lofi,1571,7,37883
1111,lofi,185175,6838,9147428
1112,lofi,3685,28,23653
1113,lofi,903,27,40275
1114,lofi,16915,439,1695867
1115,lofi,19800,443,775719
1116,lofi,766,28,65632
1117,lofi,77692,2892,3731583
1118,animals,5743875,178361,826423766
1119,animals,1103713,29774,106151957
1120,animals,28863,605,1723190
1121,animals,11025176,335455,1582262997
1122,animals,45448,1680,10155588
1123,animals,475,21,66279
1124,animals,1357197,39624,153478497
1125,animals,24970,1225,3248506
1126,animals,68133,1358,9253680
1127,animals,11323,210,2812807
1128,animals,282754,10831,19469009
1129,animals,1019385,24603,193685278
1130,animals,164337,7092,7108897
1131,animals,22420,679,6599382
1132,animals,9313,433,1722365
1133,animals,27102,2311,2549580
1134,animals,1628,85,97163
1135,animals,24285,893,1285807
1136,animals,7240,167,1316713
1137,animals,7375,368,2362949
1138,animals,74617,1982,8122555
1139,animals,338601,19063,38478475
1140,animals,1668,107,258994
1141,animals,280090,11424,37037129
1142,animals,72612,1063,14914811
1143,animals,4986,134,617350
1144,animals,73362,4072,10331666
1145,animals,6177588,125791,378164492
1146,animals,6473,455,267705
1147,animals,21946,481,3776936
1148,animals,120500,5172,5156616
1149,animals,639942,23316,161103805
1150,animals,94089,1537,5434925
1151,animals,10818,291,2058438
1152,animals,14386,332,1853171
1153,animals,37,1,31343
1154,animals,371,19,23448
1155,animals,2382,114,104246
1156,education,137327,6197,6216027
1157,education,9368,279,398061
1158,education,431284,33369,10450206
1159,education,23130,1323,1188153
1160,education,2639,1009,131943
1161,education,881,17,45584
1162,education,7110,374,262959
1163,education,34575,350,1309077
1164,education,4560,144,150633
1165,education,26171,577,1451335
1166,education,3749,715,167574
1167,education,50074,3095,7178954
1168,education,37645,2115,753025
1169,education,130817,6868,17103736
1170,education,222713,12557,6281449
1171,education,310589,23024,6701666
1172,education,3121,104,143605
1173,education,908,932,37905
1174,education,1445,296,6611
1175,education,2951,580,63675
1176,education,1237,709,65745
1177,education,32962,2355,3371830
1178,education,19436,1683,940004
1179,education,324,51,6631
1180,minecraft,6559,257,157301
1181,minecraft,28195,2588,943664
1182,minecraft,992,18,59749
1183,minecraft,1796,47,77345
1184,minecraft,5524,526,206418
1185,minecraft,9633,179,88788
1186,minecraft,17548,664,481643
1187,minecraft,28878,605,544761
1188,minecraft,12675,909,167962
1189,minecraft,345943,11838,18380002
1190,minecraft,2586,98,52954
1191,minecraft,98631,3188,1044608
1192,minecraft,1809,65,94188
1193,minecraft,23676,1913,167863
1194,minecraft,31710,456,444036
1195,minecraft,1333,22,119487
1196,minecraft,54092,2452,1655085
1197,minecraft,16605,849,183096
1198,minecraft,287909,6424,23169378
1199,minecraft,11316,850,187063
1200,minecraft,12935,80,129591
1201,minecraft,4279,171,188490
1202,minecraft,2815,79,97537
1203,minecraft,11751,659,408227
1204,minecraft,7246,464,88247
1205,minecraft,26848,239,273349
1206,minecraft,5675,54,70181
1207,minecraft,64464,3171,1564078
1208,minecraft,20892,622,795386
1209,minecraft,4510,264,276901
1210,minecraft,2990,160,42924
1211,minecraft,10676,399,111027
1212,minecraft,35092,1804,1815767
1213,minecraft,88340,2982,6734947
1214,minecraft,1184,54,50148
1215,minecraft,3396,116,145497
1216,minecraft,1229,24,22525
1217,minecraft,2716,53,66379
1218,minecraft,1251353,71682,18565979
1219,minecraft,6642,312,314438
1220,minecraft,57527,1115,1204024
1221,minecraft,2779,83,187668
1222,minecraft,8260,1127,216482
1223,minecraft,83345,4558,4452337
1224,minecraft,2963,193,50724
1225,minecraft,37251,1452,389051
1226,minecraft,8560,152,107957
1227,minecraft,4160,122,218182
1228,minecraft,3245,437,51716
1229,minecraft,298445,15610,3773387
1230,sat,407,69,7163
1231,sat,506,35,10309
1232,sat,8860,238,140916
1233,sat,586,83,12464
1234,sat,51658,1455,876309
1235,sat,18806,1403,689166
1236,sat,3562,118,87567
1237,sat,15128,639,338212
1238,sat,38148,3767,932919
1239,sat,45253,4353,3243901
1240,sat,669,95,24686
1241,sat,15036,1563,385709
1242,sat,80947,5557,2706505
1243,sat,21809,1899,549530
1244,sat,1115,121,25201
1245,sat,19894,1070,977299
1246,sat,18698,1258,400968
1247,sat,549,69,17195
1248,sat,70001,2654,1879805
1249,sat,10660,363,196727
1250,sat,70562,3866,2535222
1251,sat,1786,257,30191
1252,sat,48633,4129,4154143
1253,sat,9624,864,240450
1254,sat,9354,766,210192
1255,sat,503,52,13591
1256,sat,30046,2138,674979
1257,sat,863,102,61085
1258,sat,7675,1875,327146
1259,sat,1218,258,45214
1260,sat,13503,400,273900
1261,sat,2043,257,25291
1262,sat,1529,50,66259
1263,sat,1111,40,20897
1264,sat,692,74,19220
1265,sat,25308,3426,897553
1266,sat,4227,184,108874
1267,sat,4144,895,419705
1268,sat,4897,1299,231325
1269,sat,12892,778,290351
1270,sat,22430,927,488575
1271,sat,6383,330,258491
1272,sat,1800,208,53207
1273,sat,2309,554,99569
1274,sat,86374,15363,8596384
1275,sat,3083,140,55195
1276,sat,3480,278,126212
1277,sat,9475,292,284841
1278,sat,712273,32736,18116954
1279,mrbeast,1962726,62540,37550877
1280,mrbeast,3710978,224423,63310479
1281,mrbeast,4493972,177471,99698731
1282,mrbeast,2946965,131040,71968133
1283,mrbeast,302909,7693,8097268
1284,mrbeast,3550678,157803,93963115
1285,mrbeast,142261,14797,2529954
1286,mrbeast,14259033,611757,285526909
1287,mrbeast,2897163,104483,85522922
1288,mrbeast,207061,7997,4573945
1289,mrbeast,365592,7270,11123363
1290,mrbeast,3945358,145722,125670049
1291,mrbeast,3963124,728774,116842899
1292,mrbeast,6055504,239172,191988678
1293,mrbeast,374130,26390,10280971
1294,mrbeast,31521,926,889300
1295,mrbeast,2869906,119182,94508185
1296,mrbeast,2021442,121200,66999237
1297,mrbeast,3514143,129023,97578090
1298,mrbeast,3557658,127113,160818375
1299,mrbeast,598389,19760,25367316
1300,mrbeast,1572751,52457,91053784
1301,mrbeast,1511358,81100,69330547
1302,mrbeast,1801566,76492,61197670
1303,mrbeast,378105,9251,13637506
1304,mrbeast,312575,1902,3392295
1305,mrbeast,385059,10374,17321080
1306,mrbeast,4763784,174632,110124989
1307,mrbeast,2030057,81670,107126467
1308,mrbeast,4437532,109214,180766617
1309,mrbeast,367987,6645,11118461
1310,mrbeast,2135851,91698,93319974
1311,mrbeast,1080199,36374,37780348
1312,mrbeast,1552125,67399,66839006
1313,mrbeast,446014,8278,20779962
1314,mrbeast,2129926,91190,98750169
1315,mrbeast,319041,5526,9734303
1316,mrbeast,4120158,177881,136439525
1317,mrbeast,3136265,101503,79882619
1318,mrbeast,557743,19706,21747698
1319,mrbeast,2121115,65601,92621700
1320,mrbeast,3206546,108235,156000008
1321,mrbeast,632277,19405,18492610
1322,mrbeast,2523764,136866,134377650
1323,mrbeast,372266,6699,13545273
1324,mrbeast,381271,14433,15014572
1325,mrbeast,492024,41183,6968660
1326,mrbeast,201509,9784,6383519
1327,mrbeast,494889,23110,7715681
1328,mrbeast,61448,4080,1928710
1329,cnn,11244,6530,755642
1330,cnn,544,614,53110
1331,cnn,6958,4724,288312
1332,cnn,656,1495,51269
1333,cnn,1120,9,66507
1334,cnn,18730,6675,1101187
1335,cnn,13751,6364,791042
1336,cnn,8090,9231,537070
1337,cnn,29541,18044,873549
1338,cnn,4634,4005,366447
1339,cnn,2323,1979,83353
1340,cnn,5630,5028,386436
1341,cnn,7890,6193,462943
1342,cnn,2521,1670,71652
1343,cnn,12415,16954,1020152
1344,cnn,3215,5058,288796
1345,cnn,6465,10191,633520
1346,cnn,4840,3004,251101
1347,cnn,9069,10614,1084758
1348,cnn,1531,175,85359
1349,cnn,5089,5964,454927
1350,cnn,4836,12045,264809
1351,cnn,19359,13212,931636
1352,cnn,6554,12194,549566
1353,cnn,8070,6888,576311
1354,cnn,3847,3053,278240
1355,cnn,5936,4649,473122
1356,cnn,31563,38618,1889320
1357,cnn,7973,11184,749734
1358,cnn,11650,12453,438358
1359,cnn,7538,7921,566143
1360,cnn,644,886,65137
1361,cnn,5947,4890,393718
1362,cnn,6164,8022,386949
1363,cnn,11563,7302,620690
1364,cnn,12849,6876,858549
1365,cnn,9666,17218,713211
1366,cnn,6383,3955,591721
1367,cnn,25885,8813,1178354
1368,cnn,1274,1832,112418
1369,cnn,4615,3057,278274
1370,cnn,7402,5297,367781
1371,cnn,2983,4589,240447
1372,cnn,16316,11467,1299714
1373,cnn,21111,9407,1203517
1374,cnn,1862,4996,148992
1375,cnn,16641,9979,1195181
1376,cnn,8684,5762,475535
1377,cnn,4898,9878,499461
1378,cnn,13318,7773,657999
1379,mathchemistry,1869,135,88980
1380,mathchemistry,1777,194,64368
1381,mathchemistry,4386,176,170305
1382,mathchemistry,132298,8115,4981769
1383,mathchemistry,61100,4466,3452571
1384,mathchemistry,49931,2293,2494758
1385,mathchemistry,37430,1375,1503148
1386,mathchemistry,542855,43802,18496859
1387,mathchemistry,45800,1681,3588950
1388,mathchemistry,36655,1387,1433436
1389,mathchemistry,51924,3057,2110850
1390,mathchemistry,1,2,63
1391,mathchemistry,409962,10759,10330078
1392,mathchemistry,31742,3089,1205719
1393,mathchemistry,0,1,25
1394,biology,56774,2220,1011277
1395,biology,5902,274,313847
1396,biology,396477,10721,23925458
1397,biology,14687,328,689762
1398,biology,19915,1101,1471735
1399,biology,4293,110,287879
1400,biology,226135,15445,9629509
1401,biology,128800,4481,3526040
1402,biology,105414,6858,3863719
1403,biology,65182,4679,9897790
1404,biology,104645,7091,3455728
1405,biology,35432,528,832026
1406,biology,103946,4516,3779069
1407,biology,41293,1941,1194593
1408,biology,26530,818,602137
1409,biology,85704,4481,8639567
1410,biology,310947,15981,14800155
1411,biology,83509,5086,2954971
1412,biology,45821,2121,2359653
1413,biology,5000,293,252524
1414,biology,46953,1690,1743151
1415,biology,65238,2121,5323008
1416,biology,621,44,55643
1417,biology,16576,787,452937
1418,biology,31665,1649,1045672
1419,biology,26731,1303,1251200
1420,biology,74180,7794,7556654
1421,biology,18852,750,767162
1422,biology,15317,613,319489
1423,biology,29562,2363,595608
1424,biology,62343,4145,6225136
1425,biology,18353,2560,7073338
1426,biology,23783,1290,513747
1427,biology,74324,6294,7428280
1428,biology,29581,1264,1097006
1429,biology,96215,6430,9552698
1430,biology,1519,124,90926
1431,biology,17977,564,383734
1432,biology,116596,43591,11792862
1433,biology,132214,5981,17716356
1434,biology,47947,3075,5054426
1435,biology,43511,1773,747705
1436,biology,48317,3805,4613023
1437,biology,13733,626,489332
1438,biology,132562,6384,4418714
1439,biology,44755,3214,1152562
1440,biology,28907,2438,2767666
1441,physics,42848,1350,1778635
1442,physics,68035,5549,7209027
1443,physics,152531,3469,3270832
1444,physics,44412,1210,1346386
1445,physics,12527,414,787667
1446,physics,29773,3299,880432
1447,physics,126685,4633,2817851
1448,physics,22310,1177,1071023
1449,physics,237869,19276,8445210
1450,physics,236557,5640,4696990
1451,physics,19509,1072,928585
1452,physics,3379,1381,132960
1453,physics,49795,2177,2796778
1454,physics,95001,7668,6312772
1455,physics,40750,3577,1235556
1456,physics,10959,525,844015
1457,physics,6813,69,485266
1458,physics,281680,11360,9033159
1459,physics,18403,1810,1429951
1460,physics,62098,6272,2889074
1461,physics,296448,29736,19097087
1462,physics,191691,5795,3182375
1463,physics,35004,2726,952869
1464,physics,673896,41869,14835017
1465,physics,32717,1804,930267
1466,physics,20329,806,1331141
1467,physics,122180,1942,8705503
1468,physics,2012,143,72517
1469,physics,12994,521,234454
1470,physics,1346,198,106305
1471,physics,7355,711,278584
1472,physics,25394,2940,761574
1473,physics,21123,560,745050
1474,physics,26210,856,1875721
1475,physics,1194852,16417,42252029
1476,physics,188472,5901,13829574
1477,physics,11961,334,495065
1478,physics,11420,896,596902
1479,physics,10960,109,858731
1480,physics,31942,7562,1089328
1481,physics,66353,2001,1546801
1482,physics,7687,237,451843
1483,physics,9154,1201,652244
1484,physics,11249,393,482269
1485,physics,20361,770,1539948
1486,physics,12193,196,1267276
1487,physics,27575,971,1761493
1488,physics,962,100,30388
1489,physics,139552,7764,4235793
1490,physics,159719,4673,2029047
1491,computer science,26902,1190,1248957
1492,computer science,55719,1606,802372
1493,computer science,131961,3037,4849924
1494,computer science,202969,3572,4801805
1495,computer science,186881,8575,7004107
1496,computer science,10317,757,165623
1497,computer science,128268,4356,4991078
1498,computer science,62009,1740,3134189
1499,computer science,24508,1455,374241
1500,computer science,6806,774,215489
1501,computer science,42940,1735,1407319
1502,computer science,13004,376,318419
1503,computer science,8864,326,351985
1504,computer science,63890,2427,1732512
1505,computer science,2143,77,198844
1506,computer science,10846,380,759857
1507,computer science,11672,1285,302924
1508,computer science,33558,814,950825
1509,computer science,752,53,16115
1510,computer science,47204,1277,2302755
1511,computer science,61813,3416,6091315
1512,computer science,4557,379,97136
1513,computer science,1514,251,37830
1514,computer science,2596,177,56994
1515,computer science,7452,581,113080
1516,computer science,59163,1583,1754969
1517,computer science,62172,1458,1345420
1518,computer science,11911,1388,610308
1519,computer science,16747,1532,525081
1520,computer science,28944,775,1515048
1521,computer science,4849,197,82596
1522,computer science,13406,314,362229
1523,computer science,1149,146,17156
1524,computer science,27889,962,437660
1525,computer science,10409,385,199395
1526,computer science,10292,653,327463
1527,computer science,5213,145,135056
1528,computer science,909,32,24612
1529,computer science,30095,1186,1530735
1530,computer science,37041,1190,1672442
1531,computer science,61424,692,872859
1532,computer science,6557,215,179728
1533,computer science,7812,408,143959
1534,computer science,32,5,83073
1535,computer science,32189,878,1750656
1536,computer science,11395,542,282641
1537,computer science,22667,588,939411
1538,computer science,4440,307,95826
1539,nintendo,40994,3946,1115596
1540,nintendo,33773,4225,655844
1541,nintendo,5333,883,87181
1542,nintendo,93512,11770,2467290
1543,nintendo,4996,791,86658
1544,nintendo,93420,11201,2745019
1545,nintendo,2677,390,51017
1546,nintendo,88302,10753,2173854
1547,nintendo,959,87,9269
1548,nintendo,27953,6430,848504
1549,nintendo,3465,317,59232
1550,nintendo,2208,837,37340
1551,nintendo,7455,160,71578
1552,nintendo,697,120,17418
1553,nintendo,59959,5338,1310018
1554,nintendo,406,57,13184
1555,nintendo,1897,349,36948
1556,nintendo,7166,897,156610
1557,nintendo,4122,567,112040
1558,nintendo,54951,6290,5370346
1559,nintendo,760,80,11630
1560,nintendo,3769,590,180396
1561,nintendo,8058,662,566503
1562,nintendo,119930,11926,3432799
1563,nintendo,92823,5623,8295441
1564,nintendo,2104,481,46065
1565,nintendo,20892,976,640120
1566,nintendo,79878,3067,2750006
1567,nintendo,565673,35186,31667627
1568,nintendo,350411,15822,6058858
1569,nintendo,2179,324,55298
1570,nintendo,7785,331,621651
1571,nintendo,43557,4766,514758
1572,nintendo,3016,573,56101
1573,nintendo,2118,245,35759
1574,nintendo,221,35,2225
1575,nintendo,89783,7013,2610708
1576,nintendo,77209,8351,1700683
1577,nintendo,5437,1020,109574
1578,nintendo,814,85,12274
1579,nintendo,4936,750,208877
1580,nintendo,4972,1307,87422
1581,nintendo,28895,6897,707813
1582,nintendo,22443,300,681002
1583,nintendo,24496,257,254500
1584,nintendo,3675,685,85298
1585,nintendo,15392,1232,297966
1586,nintendo,24059,3355,805728
1587,xbox,926,258,16396
1588,xbox,1079,473,16451
1589,xbox,115164,5254,4098562
1590,xbox,1209,1167,19967
1591,xbox,858,162,18992
1592,xbox,24017,3549,1148562
1593,xbox,64432,5717,4526546
1594,xbox,6900,383,114921
1595,xbox,406,57,13184
1596,xbox,52160,11181,2497202
1597,xbox,7292,316,135067
1598,xbox,39845,3375,1760155
1599,xbox,1708,301,58559
1600,xbox,3205,439,84465
1601,xbox,1793,185,75483
1602,xbox,124490,7455,8830062
1603,xbox,2976,131,103500
1604,xbox,117231,5092,2657361
1605,xbox,35423,1060,1034342
1606,xbox,2468,220,37870
1607,xbox,1562,130,10503
1608,xbox,855,139,24863
1609,xbox,1409,122,12041
1610,xbox,438812,40924,22439610
1611,xbox,199933,22438,17069314
1612,xbox,1025,43,14264
1613,xbox,2295,1399,179180
1614,xbox,25029,2468,1651459
1615,xbox,1781,66,33246
1616,xbox,2363,725,42216
1617,xbox,466063,10976,8324871
1618,xbox,7455,300,447522
1619,xbox,449,282,4368
1620,xbox,6875,227,543947
1621,xbox,1872,100,28892
1622,xbox,1537,59,41735
1623,xbox,21393,1087,1557335
1624,xbox,1785,133,19147
1625,xbox,15593,1407,607849
1626,xbox,1466,321,52695
1627,xbox,2498,294,129231
1628,xbox,1822,1575,30352
1629,xbox,1969,312,82902
1630,xbox,2364,307,50941
1631,xbox,1639,392,92899
1632,xbox,1050,173,79741
1633,xbox,82083,6414,2541347
1634,xbox,4134,826,77502
1635,xbox,1490,237,57446
1636,marvel,9401,780,150039
1637,marvel,17307,1101,331603
1638,marvel,4147,1292,106966
1639,marvel,1435534,64164,36868871
1640,marvel,20319,2958,190106
1641,marvel,599842,39313,23222262
1642,marvel,8870,554,834400
1643,marvel,697363,18075,18609928
1644,marvel,48823,3061,1461872
1645,marvel,162408,3151,14118968
1646,marvel,283831,9805,12550897
1647,marvel,79336,3695,1667301
1648,marvel,61689,1928,1284173
1649,marvel,8574,723,936041
1650,marvel,98519,5633,3020492
1651,marvel,15312,595,286969
1652,marvel,101465,5079,3487219
1653,marvel,44866,2709,1486176
1654,marvel,833480,56565,23717752
1655,marvel,183765,3810,4181136
1656,marvel,7387,566,125674
1657,marvel,137796,4891,2064594
1658,marvel,1790536,68822,44424347
1659,marvel,142,6,2813
1660,marvel,626889,35593,14694097
1661,marvel,88764,5853,1815856
1662,marvel,1602939,61259,54583132
1663,marvel,18225,830,1667322
1664,marvel,148031,5179,3653854
1665,marvel,45763,2234,1208037
1666,marvel,157,10,4806
1667,marvel,785650,55050,23973948
1668,marvel,3867,199,43046
1669,marvel,55962,2766,1685445
1670,marvel,11620,499,1048056
1671,marvel,15641,470,377483
1672,marvel,641,32,21129
1673,marvel,19007,141,9904507
1674,marvel,14868,840,618566
1675,marvel,1734,348,35516
1676,marvel,8033,404,196801
1677,marvel,-1,821,553892
1678,marvel,171757,4288,11563268
1679,marvel,1075,103,19923
1680,marvel,33342,435,269849
1681,marvel,346,24,9050
1682,marvel,135411,5708,3666465
1683,marvel,393,13,12513
1684,marvel,59583,523,3442343
1685,marvel,18551,2136,504475
1686,movies,1810,13,285609
1687,movies,779,105,41517
1688,movies,17411,441,2322280
1689,movies,4192,198,1010999
1690,movies,4758,141,1266475
1691,movies,8436,398,594480
1692,movies,12970,469,2885013
1693,movies,2672,240,73864
1694,movies,14665,873,1293718
1695,movies,355,21,30215
1696,movies,228,22,12666
1697,movies,19135,1625,4043624
1698,movies,18106,325,7510904
1699,movies,8680,352,1945769
1700,movies,600,18,131716
1701,movies,105,-1,28219
1702,movies,354984,108099,8186585
1703,movies,830,19,239924
1704,movies,3600,18,592173
1705,movies,9641,115,2278082
1706,movies,7247,88,1766202
1707,movies,741,29,117695
1708,movies,22450,705,2188598
1709,movies,20138,-1,5351960
1710,movies,-1,180,2389222
1711,movies,643,0,24012
1712,movies,3963,260,132403
1713,movies,29732,8832,405850
1714,movies,-1,105,1541874
1715,movies,20442,2591,3989464
1716,movies,409,29,45122
1717,movies,26505,794,5903244
1718,movies,5544,196,701005
1719,movies,791,6,128548
1720,movies,179555,6907,65067408
1721,movies,54154,2892,15397832
1722,movies,17,1,2758
1723,movies,280080,7414,52046148
1724,movies,56258,1185,3505369
1725,movies,31601,1250,6301646
1726,movies,85408,5547,3733933
1727,movies,7791,1827,173717
1728,movies,23915,311,6897438
1729,movies,42757,1087,2885056
1730,movies,700,16,18302
1731,data science,55282,576,2586478
1732,data science,51915,876,2197690
1733,data science,118846,3501,3069097
1734,data science,6579,146,313285
1735,data science,16394,864,573706
1736,data science,6386,115,122824
1737,data science,2216,360,87484
1738,data science,2923,49,89486
1739,data science,2970,346,66888
1740,data science,19444,766,609802
1741,data science,12111,467,266203
1742,data science,4238,47,261889
1743,data science,630,86,11642
1744,data science,2353,178,78038
1745,data science,7514,251,195145
1746,data science,56267,1146,2214491
1747,data science,2673,174,76828
1748,data science,2604,78,113661
1749,data science,2020,133,54541
1750,data science,7742,787,271415
1751,data science,30536,742,1332052
1752,data science,4267,70,138290
1753,data science,1760,170,35373
1754,data science,5407,54,309718
1755,data science,26837,555,559680
1756,data science,12875,354,317372
1757,data science,712,130,17259
1758,data science,14986,616,324079
1759,data science,1738,100,32054
1760,data science,36835,1265,1456270
1761,data science,3252,331,99774
1762,data science,7555,442,295344
1763,data science,582,33,10129
1764,data science,3765,74,85503
1765,data science,19969,621,578389
1766,data science,29589,950,718461
1767,data science,43704,1543,800364
1768,data science,20106,616,435863
1769,data science,44518,1273,1058423
1770,data science,71,2,911
1771,data science,16225,454,510592
1772,data science,3759,67,151345
1773,data science,55097,1543,2287752
1774,data science,2313,230,95826
1775,data science,2180,170,31289
1776,data science,2350,162,72414
1777,data science,8896,225,304816
1778,data science,4869,218,101255
1779,data science,39458,744,961789
1780,data science,33471,1176,855620
1781,game development,30398,954,720075
1782,game development,33529,699,677081
1783,game development,11496,324,318051
1784,game development,6314,373,181931
1785,game development,8491,613,202934
1786,game development,6770,537,137791
1787,game development,52388,2362,691573
1788,game development,30071,1490,405989
1789,game development,16028,344,283172
1790,game development,82,14,1352
1791,game development,18486,733,353784
1792,game development,52347,2407,1705786
1793,game development,2611,217,36138
1794,game development,42113,1385,1379849
1795,game development,11283,385,265906
1796,game development,328,90,2661
1797,game development,45878,963,1291584
1798,game development,24954,651,808215
1799,game development,12759,362,323071
1800,game development,193795,19579,6478696
1801,game development,4597,263,107917
1802,game development,54822,1361,1419701
1803,game development,374,21,6573
1804,game development,1218,99,15426
1805,game development,169994,5444,2853947
1806,game development,11283,656,176919
1807,game development,79849,4880,2475429
1808,game development,7774,201,165986
1809,game development,5009,325,67619
1810,game development,17967,1042,470123
1811,game development,46566,3491,1732100
1812,game development,9330,567,320959
1813,game development,57691,2798,1510897
1814,game development,1796,72,47696
1815,game development,3792,337,58850
1816,game development,19112,433,527380
1817,game development,17272,1683,492976
1818,game development,889,69,18154
1819,game development,7665,534,133708
1820,game development,1244,80,23909
1821,game development,3831,187,76643
1822,game development,6545,571,128164
1823,game development,630,221,5663
1824,game development,34468,1223,1085330
1825,game development,25476,1892,512978
1826,game development,1409,91,30465
1827,game development,5556,318,170837
1828,game development,27768,1635,578167
1829,game development,41946,2106,3346948
1830,game development,42940,1735,1407324
1831,machine learning,43189,1155,2317183
1832,machine learning,15137,181,906372
1833,machine learning,36835,1265,1456270
1834,machine learning,38776,566,2278698
1835,machine learning,1237,16,32605
1836,machine learning,30764,929,856628
1837,machine learning,18982,402,1339489
1838,machine learning,300789,6254,11814893
1839,machine learning,13141,382,181827
1840,machine learning,17219,417,762553
1841,machine learning,16152,282,605453
1842,machine learning,44217,1448,872008
1843,machine learning,559,24,27243
1844,machine learning,22643,555,508969
1845,machine learning,16723,372,738202
1846,machine learning,8812,889,578179
1847,machine learning,34464,822,1651599
1848,machine learning,12687,313,367200
1849,machine learning,29818,1028,854273
1850,machine learning,27736,692,1432027
1851,machine learning,176978,7152,10817160
1852,machine learning,4831,1517,292643
1853,machine learning,29980,897,1167616
1854,machine learning,3518,97,127492
1855,machine learning,26619,1070,1378069
1856,machine learning,5658,195,132583
1857,machine learning,9862,205,402110
1858,machine learning,463331,21849,7497071
1859,machine learning,18847,76,1414209
1860,machine learning,10441,172,515395
1861,machine learning,25161,1188,847233
1862,machine learning,1151,37,25386
1863,machine learning,109335,2712,5028230
1864,machine learning,1520,32,56956
1865,machine learning,4306,48,238411
1866,machine learning,413,4,41925
1867,machine learning,5190,217,145691
1868,machine learning,15683,1004,879470
1869,machine learning,3505,408,257103
1870,machine learning,2712,146,82298
1871,machine learning,2464,130,192964
1872,machine learning,7289,158,351087
1873,machine learning,4759,232,130286
1874,machine learning,1861,184,37959
1875,machine learning,9615,648,319957
1876,machine learning,10259,416,386360
1877,machine learning,2981,72,431421
1878,machine learning,5198,443,226152
1879,machine learning,,,
1880,machine learning,,,